"0","remuneracao <- read_csv2(""dados/Remuneracao.csv"", locale = locale(encoding = ""ISO-8859-2""))
"
"2","G3;[36mℹ[39m Using [34m[34m""','""[34m[39m as decimal and [34m[34m""'.'""[34m[39m as grouping mark. Use `read_delim()` for more control.
g"
"2","[1mRows: [22m[34m1036618[39m [1mColumns: [22m[34m11[39m
"
"2","[36m──[39m [1mColumn specification[22m [36m───────────────────────────────────────────────────────────────────────────────────────[39m
[1mDelimiter:[22m "";""
[31mchr[39m (4): NOME, CARGO, ORGĂO, GRUPO
[32mdbl[39m (7): REMUNERAÇĂO DO MĘS, FÉRIAS E 13ş SALÁRIO, PAGAMENTOS EVENTUAIS, LICENÇA PRĘMIO INDENIZADA, ABONO P...
"
"2","
[36mℹ[39m Use `spec()` to retrieve the full column specification for this data.
[36mℹ[39m Specify the column types or set `show_col_types = FALSE` to quiet this message.
"
